{
  "task": "task_a",
  "model": "decision_tree",
  "val_metrics": {
    "accuracy": 0.8808760683760684,
    "precision_macro": 0.8596796507883501,
    "recall_macro": 0.893428871480102,
    "f1_macro": 0.8707069806077196,
    "precision_weighted": 0.8958446725488385,
    "recall_weighted": 0.8808760683760684,
    "f1_weighted": 0.8835297160413328,
    "confusion_matrix": [
      [
        562,
        43
      ],
      [
        180,
        1087
      ]
    ],
    "classification_report_dict": {
      "0": {
        "precision": 0.7574123989218329,
        "recall": 0.9289256198347108,
        "f1-score": 0.8344469190794358,
        "support": 605.0
      },
      "1": {
        "precision": 0.9619469026548673,
        "recall": 0.8579321231254933,
        "f1-score": 0.9069670421360033,
        "support": 1267.0
      },
      "accuracy": 0.8808760683760684,
      "macro avg": {
        "precision": 0.8596796507883501,
        "recall": 0.893428871480102,
        "f1-score": 0.8707069806077196,
        "support": 1872.0
      },
      "weighted avg": {
        "precision": 0.8958446725488385,
        "recall": 0.8808760683760684,
        "f1-score": 0.8835297160413328,
        "support": 1872.0
      }
    },
    "classification_report_text": "              precision    recall  f1-score   support\n\n           0       0.76      0.93      0.83       605\n           1       0.96      0.86      0.91      1267\n\n    accuracy                           0.88      1872\n   macro avg       0.86      0.89      0.87      1872\nweighted avg       0.90      0.88      0.88      1872\n",
    "per_class_metrics": {
      "0": {
        "precision": 0.7574123989218329,
        "recall": 0.9289256198347108,
        "f1": 0.8344469190794358,
        "support": 605
      },
      "1": {
        "precision": 0.9619469026548673,
        "recall": 0.8579321231254933,
        "f1": 0.9069670421360033,
        "support": 1267
      }
    },
    "roc_auc": 0.911234972962748
  },
  "test_metrics": {
    "accuracy": 0.8852721451440768,
    "precision_macro": 0.8687245510667443,
    "recall_macro": 0.8990093518907469,
    "f1_macro": 0.8779502574067876,
    "precision_weighted": 0.899946426684353,
    "recall_weighted": 0.8852721451440768,
    "f1_weighted": 0.8875213524882115,
    "confusion_matrix": [
      [
        600,
        37
      ],
      [
        178,
        1059
      ]
    ],
    "classification_report_dict": {
      "0": {
        "precision": 0.7712082262210797,
        "recall": 0.9419152276295133,
        "f1-score": 0.8480565371024735,
        "support": 637.0
      },
      "1": {
        "precision": 0.9662408759124088,
        "recall": 0.8561034761519806,
        "f1-score": 0.9078439777111016,
        "support": 1237.0
      },
      "accuracy": 0.8852721451440768,
      "macro avg": {
        "precision": 0.8687245510667443,
        "recall": 0.8990093518907469,
        "f1-score": 0.8779502574067876,
        "support": 1874.0
      },
      "weighted avg": {
        "precision": 0.899946426684353,
        "recall": 0.8852721451440768,
        "f1-score": 0.8875213524882115,
        "support": 1874.0
      }
    },
    "classification_report_text": "              precision    recall  f1-score   support\n\n           0       0.77      0.94      0.85       637\n           1       0.97      0.86      0.91      1237\n\n    accuracy                           0.89      1874\n   macro avg       0.87      0.90      0.88      1874\nweighted avg       0.90      0.89      0.89      1874\n",
    "per_class_metrics": {
      "0": {
        "precision": 0.7712082262210797,
        "recall": 0.9419152276295133,
        "f1": 0.8480565371024735,
        "support": 637
      },
      "1": {
        "precision": 0.9662408759124088,
        "recall": 0.8561034761519806,
        "f1": 0.9078439777111016,
        "support": 1237
      }
    },
    "roc_auc": 0.9247362523144946
  }
}