{
  "task": "is_clone",
  "best_model_by_val_f1_macro": "decision_tree",
  "best_val_f1_macro": 0.8823794184727807,
  "class_weight": "balanced",
  "results": [
    {
      "task": "is_clone",
      "model_name": "decision_tree",
      "split": "val",
      "metrics": {
        "accuracy": 0.8931052912880812,
        "precision_macro": 0.877904868355688,
        "recall_macro": 0.8876984430344266,
        "f1_macro": 0.8823794184727807,
        "precision_weighted": 0.8951741579253824,
        "recall_weighted": 0.8931052912880812,
        "f1_weighted": 0.89378870973295,
        "confusion_matrix": [
          [
            553,
            82
          ],
          [
            118,
            1118
          ]
        ],
        "classification_report_dict": {
          "0": {
            "precision": 0.8241430700447094,
            "recall": 0.8708661417322835,
            "f1-score": 0.8468606431852986,
            "support": 635.0
          },
          "1": {
            "precision": 0.9316666666666666,
            "recall": 0.9045307443365695,
            "f1-score": 0.9178981937602627,
            "support": 1236.0
          },
          "accuracy": 0.8931052912880812,
          "macro avg": {
            "precision": 0.877904868355688,
            "recall": 0.8876984430344266,
            "f1-score": 0.8823794184727807,
            "support": 1871.0
          },
          "weighted avg": {
            "precision": 0.8951741579253824,
            "recall": 0.8931052912880812,
            "f1-score": 0.89378870973295,
            "support": 1871.0
          }
        },
        "classification_report_text": "              precision    recall  f1-score   support\n\n           0       0.82      0.87      0.85       635\n           1       0.93      0.90      0.92      1236\n\n    accuracy                           0.89      1871\n   macro avg       0.88      0.89      0.88      1871\nweighted avg       0.90      0.89      0.89      1871\n",
        "per_class_metrics": {
          "0": {
            "precision": 0.8241430700447094,
            "recall": 0.8708661417322835,
            "f1": 0.8468606431852986,
            "support": 635
          },
          "1": {
            "precision": 0.9316666666666666,
            "recall": 0.9045307443365695,
            "f1": 0.9178981937602627,
            "support": 1236
          }
        },
        "roc_auc": 0.9144726448028947
      }
    },
    {
      "task": "is_clone",
      "model_name": "decision_tree",
      "split": "test",
      "metrics": {
        "accuracy": 0.8983324367939752,
        "precision_macro": 0.8833126924074116,
        "recall_macro": 0.8936516861194048,
        "f1_macro": 0.8880257888924831,
        "precision_weighted": 0.9004414711101152,
        "recall_weighted": 0.8983324367939752,
        "f1_weighted": 0.8990085821350305,
        "confusion_matrix": [
          [
            553,
            76
          ],
          [
            113,
            1117
          ]
        ],
        "classification_report_dict": {
          "0": {
            "precision": 0.8303303303303303,
            "recall": 0.8791732909379968,
            "f1-score": 0.8540540540540541,
            "support": 629.0
          },
          "1": {
            "precision": 0.9362950544844929,
            "recall": 0.908130081300813,
            "f1-score": 0.921997523730912,
            "support": 1230.0
          },
          "accuracy": 0.8983324367939752,
          "macro avg": {
            "precision": 0.8833126924074116,
            "recall": 0.8936516861194048,
            "f1-score": 0.8880257888924831,
            "support": 1859.0
          },
          "weighted avg": {
            "precision": 0.9004414711101152,
            "recall": 0.8983324367939752,
            "f1-score": 0.8990085821350305,
            "support": 1859.0
          }
        },
        "classification_report_text": "              precision    recall  f1-score   support\n\n           0       0.83      0.88      0.85       629\n           1       0.94      0.91      0.92      1230\n\n    accuracy                           0.90      1859\n   macro avg       0.88      0.89      0.89      1859\nweighted avg       0.90      0.90      0.90      1859\n",
        "per_class_metrics": {
          "0": {
            "precision": 0.8303303303303303,
            "recall": 0.8791732909379968,
            "f1": 0.8540540540540541,
            "support": 629
          },
          "1": {
            "precision": 0.9362950544844929,
            "recall": 0.908130081300813,
            "f1": 0.921997523730912,
            "support": 1230
          }
        },
        "roc_auc": 0.9125124407046932
      }
    }
  ]
}