{
  "best_params": {
    "mlpclassifier__activation": "tanh",
    "mlpclassifier__hidden_layer_sizes": [
      3,
      3
    ],
    "mlpclassifier__learning_rate_init": 0.1,
    "mlpclassifier__max_iter": 200
  },
  "val": {
    "accuracy": 0.8786745056119722,
    "precision_macro": 0.8608239212279177,
    "recall_macro": 0.8809876920724715,
    "f1_macro": 0.8686869373930438,
    "precision_weighted": 0.8857153393597431,
    "recall_weighted": 0.8786745056119722,
    "f1_weighted": 0.8803197445627647,
    "confusion_matrix": [
      [
        564,
        71
      ],
      [
        156,
        1080
      ]
    ],
    "classification_report_dict": {
      "0": {
        "precision": 0.7833333333333333,
        "recall": 0.8881889763779528,
        "f1-score": 0.8324723247232473,
        "support": 635.0
      },
      "1": {
        "precision": 0.9383145091225021,
        "recall": 0.8737864077669902,
        "f1-score": 0.9049015500628403,
        "support": 1236.0
      },
      "accuracy": 0.8786745056119722,
      "macro avg": {
        "precision": 0.8608239212279177,
        "recall": 0.8809876920724715,
        "f1-score": 0.8686869373930438,
        "support": 1871.0
      },
      "weighted avg": {
        "precision": 0.8857153393597431,
        "recall": 0.8786745056119722,
        "f1-score": 0.8803197445627647,
        "support": 1871.0
      }
    },
    "classification_report_text": "              precision    recall  f1-score   support\n\n           0       0.78      0.89      0.83       635\n           1       0.94      0.87      0.90      1236\n\n    accuracy                           0.88      1871\n   macro avg       0.86      0.88      0.87      1871\nweighted avg       0.89      0.88      0.88      1871\n",
    "per_class_metrics": {
      "0": {
        "precision": 0.7833333333333333,
        "recall": 0.8881889763779528,
        "f1": 0.8324723247232473,
        "support": 635
      },
      "1": {
        "precision": 0.9383145091225021,
        "recall": 0.8737864077669902,
        "f1": 0.9049015500628403,
        "support": 1236
      }
    },
    "roc_auc": 0.9541669851948119
  },
  "test": {
    "accuracy": 0.8838084991931145,
    "precision_macro": 0.866161212204738,
    "recall_macro": 0.8846181188361963,
    "f1_macro": 0.8736548786842164,
    "precision_weighted": 0.889574058738986,
    "recall_weighted": 0.8838084991931145,
    "f1_weighted": 0.8852342447674191,
    "confusion_matrix": [
      [
        558,
        71
      ],
      [
        145,
        1085
      ]
    ],
    "classification_report_dict": {
      "0": {
        "precision": 0.7937411095305832,
        "recall": 0.8871224165341812,
        "f1-score": 0.8378378378378378,
        "support": 629.0
      },
      "1": {
        "precision": 0.9385813148788927,
        "recall": 0.8821138211382114,
        "f1-score": 0.9094719195305951,
        "support": 1230.0
      },
      "accuracy": 0.8838084991931145,
      "macro avg": {
        "precision": 0.866161212204738,
        "recall": 0.8846181188361963,
        "f1-score": 0.8736548786842164,
        "support": 1859.0
      },
      "weighted avg": {
        "precision": 0.889574058738986,
        "recall": 0.8838084991931145,
        "f1-score": 0.8852342447674191,
        "support": 1859.0
      }
    },
    "classification_report_text": "              precision    recall  f1-score   support\n\n           0       0.79      0.89      0.84       629\n           1       0.94      0.88      0.91      1230\n\n    accuracy                           0.88      1859\n   macro avg       0.87      0.88      0.87      1859\nweighted avg       0.89      0.88      0.89      1859\n",
    "per_class_metrics": {
      "0": {
        "precision": 0.7937411095305832,
        "recall": 0.8871224165341812,
        "f1": 0.8378378378378378,
        "support": 629
      },
      "1": {
        "precision": 0.9385813148788927,
        "recall": 0.8821138211382114,
        "f1": 0.9094719195305951,
        "support": 1230
      }
    },
    "roc_auc": 0.9581423604379128
  }
}