{
  "val": {
    "accuracy": 0.8722608230892571,
    "precision_macro": 0.8548808646872167,
    "recall_macro": 0.8830249980888312,
    "f1_macro": 0.8637351647069113,
    "precision_weighted": 0.8860610288652055,
    "recall_weighted": 0.8722608230892571,
    "f1_weighted": 0.8746837131850947,
    "confusion_matrix": [
      [
        582,
        53
      ],
      [
        186,
        1050
      ]
    ],
    "classification_report_dict": {
      "0": {
        "precision": 0.7578125,
        "recall": 0.9165354330708662,
        "f1-score": 0.8296507483962936,
        "support": 635.0
      },
      "1": {
        "precision": 0.9519492293744334,
        "recall": 0.8495145631067961,
        "f1-score": 0.8978195810175289,
        "support": 1236.0
      },
      "accuracy": 0.8722608230892571,
      "macro avg": {
        "precision": 0.8548808646872167,
        "recall": 0.8830249980888312,
        "f1-score": 0.8637351647069113,
        "support": 1871.0
      },
      "weighted avg": {
        "precision": 0.8860610288652055,
        "recall": 0.8722608230892571,
        "f1-score": 0.8746837131850947,
        "support": 1871.0
      }
    },
    "classification_report_text": "              precision    recall  f1-score   support\n\n           0       0.76      0.92      0.83       635\n           1       0.95      0.85      0.90      1236\n\n    accuracy                           0.87      1871\n   macro avg       0.85      0.88      0.86      1871\nweighted avg       0.89      0.87      0.87      1871\n",
    "per_class_metrics": {
      "0": {
        "precision": 0.7578125,
        "recall": 0.9165354330708662,
        "f1": 0.8296507483962936,
        "support": 635
      },
      "1": {
        "precision": 0.9519492293744334,
        "recall": 0.8495145631067961,
        "f1": 0.8978195810175289,
        "support": 1236
      }
    },
    "roc_auc": 0.9484353897510384
  },
  "test": {
    "accuracy": 0.8714362560516407,
    "precision_macro": 0.8535184896239663,
    "recall_macro": 0.8807062442643505,
    "f1_macro": 0.8624159068282494,
    "precision_weighted": 0.8841981979516936,
    "recall_weighted": 0.8714362560516407,
    "f1_weighted": 0.8738050452384556,
    "confusion_matrix": [
      [
        572,
        57
      ],
      [
        182,
        1048
      ]
    ],
    "classification_report_dict": {
      "0": {
        "precision": 0.7586206896551724,
        "recall": 0.9093799682034976,
        "f1-score": 0.8271872740419378,
        "support": 629.0
      },
      "1": {
        "precision": 0.9484162895927601,
        "recall": 0.8520325203252033,
        "f1-score": 0.897644539614561,
        "support": 1230.0
      },
      "accuracy": 0.8714362560516407,
      "macro avg": {
        "precision": 0.8535184896239663,
        "recall": 0.8807062442643505,
        "f1-score": 0.8624159068282494,
        "support": 1859.0
      },
      "weighted avg": {
        "precision": 0.8841981979516936,
        "recall": 0.8714362560516407,
        "f1-score": 0.8738050452384556,
        "support": 1859.0
      }
    },
    "classification_report_text": "              precision    recall  f1-score   support\n\n           0       0.76      0.91      0.83       629\n           1       0.95      0.85      0.90      1230\n\n    accuracy                           0.87      1859\n   macro avg       0.85      0.88      0.86      1859\nweighted avg       0.88      0.87      0.87      1859\n",
    "per_class_metrics": {
      "0": {
        "precision": 0.7586206896551724,
        "recall": 0.9093799682034976,
        "f1": 0.8271872740419378,
        "support": 629
      },
      "1": {
        "precision": 0.9484162895927601,
        "recall": 0.8520325203252033,
        "f1": 0.897644539614561,
        "support": 1230
      }
    },
    "roc_auc": 0.9493802267116471
  }
}