task,model,split,accuracy,precision_macro,recall_macro,f1_macro,precision_weighted,recall_weighted,f1_weighted
task_a,decision_tree,val,0.8808760683760684,0.8596796507883501,0.893428871480102,0.8707069806077196,0.8958446725488385,0.8808760683760684,0.8835297160413328
task_a,decision_tree,test,0.8852721451440768,0.8687245510667443,0.8990093518907469,0.8779502574067876,0.899946426684353,0.8852721451440768,0.8875213524882115
task_b,decision_tree,val,1.0,1.0,1.0,1.0,1.0,1.0,1.0
task_b,decision_tree,test,1.0,1.0,1.0,1.0,1.0,1.0,1.0
