task,model,split,accuracy,precision_macro,recall_macro,f1_macro,precision_weighted,recall_weighted,f1_weighted
clone_type,decision_tree,val,0.7044897959183674,0.6914543057996485,0.7255534443904379,0.6875792588417642,0.7638237509415013,0.7044897959183674,0.7162381690452706
clone_type,decision_tree,test,0.728225806451613,0.7142131820275532,0.7523314065510598,0.7121544948135046,0.7857359525253577,0.728225806451613,0.7390314323652899
