task,model,split,accuracy,precision_macro,recall_macro,f1_macro,precision_weighted,recall_weighted,f1_weighted
clone_type,decision_tree,val,0.7755102040816326,0.7446108352926065,0.7764902125403208,0.752705284894523,0.8017924258102296,0.7755102040816326,0.7823148977100445
clone_type,decision_tree,test,0.7653225806451613,0.7348693707872487,0.7668362235067437,0.742249594452409,0.7940839455109677,0.7653225806451613,0.7727233498013272
