task,model,split,accuracy,precision_macro,recall_macro,f1_macro,precision_weighted,recall_weighted,f1_weighted
is_clone,decision_tree,val,0.8931052912880812,0.877904868355688,0.8876984430344266,0.8823794184727807,0.8951741579253824,0.8931052912880812,0.89378870973295
is_clone,decision_tree,test,0.8983324367939752,0.8833126924074116,0.8936516861194048,0.8880257888924831,0.9004414711101152,0.8983324367939752,0.8990085821350305
