{
  "task": "clone_type",
  "best_model_by_val_f1_macro": "decision_tree",
  "best_val_f1_macro": 0.752705284894523,
  "class_weight": "balanced",
  "results": [
    {
      "task": "clone_type",
      "model_name": "decision_tree",
      "split": "val",
      "metrics": {
        "accuracy": 0.7755102040816326,
        "precision_macro": 0.7446108352926065,
        "recall_macro": 0.7764902125403208,
        "f1_macro": 0.752705284894523,
        "precision_weighted": 0.8017924258102296,
        "recall_weighted": 0.7755102040816326,
        "f1_weighted": 0.7823148977100445,
        "confusion_matrix": [
          [
            289,
            82
          ],
          [
            193,
            661
          ]
        ],
        "classification_report_dict": {
          "type_III": {
            "precision": 0.5995850622406639,
            "recall": 0.7789757412398922,
            "f1-score": 0.6776084407971864,
            "support": 371.0
          },
          "type_IV": {
            "precision": 0.8896366083445492,
            "recall": 0.7740046838407494,
            "f1-score": 0.8278021289918598,
            "support": 854.0
          },
          "accuracy": 0.7755102040816326,
          "macro avg": {
            "precision": 0.7446108352926065,
            "recall": 0.7764902125403208,
            "f1-score": 0.752705284894523,
            "support": 1225.0
          },
          "weighted avg": {
            "precision": 0.8017924258102296,
            "recall": 0.7755102040816326,
            "f1-score": 0.7823148977100445,
            "support": 1225.0
          }
        },
        "classification_report_text": "              precision    recall  f1-score   support\n\n    type_III       0.60      0.78      0.68       371\n     type_IV       0.89      0.77      0.83       854\n\n    accuracy                           0.78      1225\n   macro avg       0.74      0.78      0.75      1225\nweighted avg       0.80      0.78      0.78      1225\n",
        "per_class_metrics": {
          "type_III": {
            "precision": 0.5995850622406639,
            "recall": 0.7789757412398922,
            "f1": 0.6776084407971864,
            "support": 371
          },
          "type_IV": {
            "precision": 0.8896366083445492,
            "recall": 0.7740046838407494,
            "f1": 0.8278021289918598,
            "support": 854
          }
        },
        "roc_auc": 0.795645353718351
      }
    },
    {
      "task": "clone_type",
      "model_name": "decision_tree",
      "split": "test",
      "metrics": {
        "accuracy": 0.7653225806451613,
        "precision_macro": 0.7348693707872487,
        "recall_macro": 0.7668362235067437,
        "f1_macro": 0.742249594452409,
        "precision_weighted": 0.7940839455109677,
        "recall_weighted": 0.7653225806451613,
        "f1_weighted": 0.7727233498013272,
        "confusion_matrix": [
          [
            289,
            86
          ],
          [
            205,
            660
          ]
        ],
        "classification_report_dict": {
          "type_III": {
            "precision": 0.5850202429149798,
            "recall": 0.7706666666666667,
            "f1-score": 0.6651323360184119,
            "support": 375.0
          },
          "type_IV": {
            "precision": 0.8847184986595175,
            "recall": 0.7630057803468208,
            "f1-score": 0.819366852886406,
            "support": 865.0
          },
          "accuracy": 0.7653225806451613,
          "macro avg": {
            "precision": 0.7348693707872487,
            "recall": 0.7668362235067437,
            "f1-score": 0.742249594452409,
            "support": 1240.0
          },
          "weighted avg": {
            "precision": 0.7940839455109677,
            "recall": 0.7653225806451613,
            "f1-score": 0.7727233498013272,
            "support": 1240.0
          }
        },
        "classification_report_text": "              precision    recall  f1-score   support\n\n    type_III       0.59      0.77      0.67       375\n     type_IV       0.88      0.76      0.82       865\n\n    accuracy                           0.77      1240\n   macro avg       0.73      0.77      0.74      1240\nweighted avg       0.79      0.77      0.77      1240\n",
        "per_class_metrics": {
          "type_III": {
            "precision": 0.5850202429149798,
            "recall": 0.7706666666666667,
            "f1": 0.6651323360184119,
            "support": 375
          },
          "type_IV": {
            "precision": 0.8847184986595175,
            "recall": 0.7630057803468208,
            "f1": 0.819366852886406,
            "support": 865
          }
        },
        "roc_auc": 0.8026697495183044
      }
    }
  ],
  "class_imbalance_ratio_train": 2.3055396916047974,
  "class_distribution_train": {
    "type_IV": 4037,
    "type_III": 1751
  },
  "class_distribution_train_before_balance": {
    "type_IV": 4037,
    "type_III": 1751
  },
  "balance_info": {
    "strategy": "none",
    "target_col": "clone_type",
    "rows_before": 5788,
    "class_distribution_before": {
      "type_IV": 4037,
      "type_III": 1751
    },
    "rows_after": 5788,
    "class_distribution_after": {
      "type_IV": 4037,
      "type_III": 1751
    }
  }
}