{
  "task": "is_clone",
  "best_model_by_val_f1_macro": "decision_tree",
  "best_val_f1_macro": 0.8761861596396072,
  "class_weight": null,
  "results": [
    {
      "task": "is_clone",
      "model_name": "decision_tree",
      "split": "val",
      "metrics": {
        "accuracy": 0.8866916087653661,
        "precision_macro": 0.8699882263484511,
        "recall_macro": 0.884375557424254,
        "f1_macro": 0.8761861596396072,
        "precision_weighted": 0.8905173323455184,
        "recall_weighted": 0.8866916087653661,
        "f1_weighted": 0.8877710677581047,
        "confusion_matrix": [
          [
            557,
            78
          ],
          [
            134,
            1102
          ]
        ],
        "classification_report_dict": {
          "0": {
            "precision": 0.8060781476121563,
            "recall": 0.8771653543307086,
            "f1-score": 0.8401206636500754,
            "support": 635.0
          },
          "1": {
            "precision": 0.9338983050847458,
            "recall": 0.8915857605177994,
            "f1-score": 0.9122516556291391,
            "support": 1236.0
          },
          "accuracy": 0.8866916087653661,
          "macro avg": {
            "precision": 0.8699882263484511,
            "recall": 0.884375557424254,
            "f1-score": 0.8761861596396072,
            "support": 1871.0
          },
          "weighted avg": {
            "precision": 0.8905173323455184,
            "recall": 0.8866916087653661,
            "f1-score": 0.8877710677581047,
            "support": 1871.0
          }
        },
        "classification_report_text": "              precision    recall  f1-score   support\n\n           0       0.81      0.88      0.84       635\n           1       0.93      0.89      0.91      1236\n\n    accuracy                           0.89      1871\n   macro avg       0.87      0.88      0.88      1871\nweighted avg       0.89      0.89      0.89      1871\n",
        "per_class_metrics": {
          "0": {
            "precision": 0.8060781476121563,
            "recall": 0.8771653543307086,
            "f1": 0.8401206636500754,
            "support": 635
          },
          "1": {
            "precision": 0.9338983050847458,
            "recall": 0.8915857605177994,
            "f1": 0.9122516556291391,
            "support": 1236
          }
        },
        "roc_auc": 0.910140662028897
      }
    },
    {
      "task": "is_clone",
      "model_name": "decision_tree",
      "split": "test",
      "metrics": {
        "accuracy": 0.8902635825712749,
        "precision_macro": 0.8740459209209208,
        "recall_macro": 0.8863888996600617,
        "f1_macro": 0.8795256199775339,
        "precision_weighted": 0.8931948691564076,
        "recall_weighted": 0.8902635825712749,
        "f1_weighted": 0.8911535758673326,
        "confusion_matrix": [
          [
            550,
            79
          ],
          [
            125,
            1105
          ]
        ],
        "classification_report_dict": {
          "0": {
            "precision": 0.8148148148148148,
            "recall": 0.8744038155802861,
            "f1-score": 0.843558282208589,
            "support": 629.0
          },
          "1": {
            "precision": 0.933277027027027,
            "recall": 0.8983739837398373,
            "f1-score": 0.9154929577464789,
            "support": 1230.0
          },
          "accuracy": 0.8902635825712749,
          "macro avg": {
            "precision": 0.8740459209209208,
            "recall": 0.8863888996600617,
            "f1-score": 0.8795256199775339,
            "support": 1859.0
          },
          "weighted avg": {
            "precision": 0.8931948691564076,
            "recall": 0.8902635825712749,
            "f1-score": 0.8911535758673326,
            "support": 1859.0
          }
        },
        "classification_report_text": "              precision    recall  f1-score   support\n\n           0       0.81      0.87      0.84       629\n           1       0.93      0.90      0.92      1230\n\n    accuracy                           0.89      1859\n   macro avg       0.87      0.89      0.88      1859\nweighted avg       0.89      0.89      0.89      1859\n",
        "per_class_metrics": {
          "0": {
            "precision": 0.8148148148148148,
            "recall": 0.8744038155802861,
            "f1": 0.843558282208589,
            "support": 629
          },
          "1": {
            "precision": 0.933277027027027,
            "recall": 0.8983739837398373,
            "f1": 0.9154929577464789,
            "support": 1230
          }
        },
        "roc_auc": 0.9059928651750747
      }
    }
  ]
}