task,model,split,accuracy,precision_macro,recall_macro,f1_macro,precision_weighted,recall_weighted,f1_weighted
clone_type,decision_tree,val,0.7624489795918368,0.7277592438142897,0.7534024126198577,0.7353486849285169,0.7834241686666326,0.7624489795918368,0.7687401194243931
clone_type,decision_tree,test,0.7645161290322581,0.735260196791802,0.76852408477842,0.742310889443059,0.7954929984633291,0.7645161290322581,0.7722025581208269
