task,model,split,accuracy,precision_macro,recall_macro,f1_macro,precision_weighted,recall_weighted,f1_weighted
is_clone,decision_tree,val,0.8866916087653661,0.8699882263484511,0.884375557424254,0.8761861596396072,0.8905173323455184,0.8866916087653661,0.8877710677581047
is_clone,decision_tree,test,0.8902635825712749,0.8740459209209208,0.8863888996600617,0.8795256199775339,0.8931948691564076,0.8902635825712749,0.8911535758673326
