{
  "val": {
    "accuracy": 0.7681632653061224,
    "precision_macro": 0.7425381102569157,
    "recall_macro": 0.7796054085104502,
    "f1_macro": 0.748689632056772,
    "precision_weighted": 0.8047338383411713,
    "recall_weighted": 0.7681632653061224,
    "f1_weighted": 0.7762725202076115,
    "confusion_matrix": [
      [
        300,
        71
      ],
      [
        213,
        641
      ]
    ],
    "classification_report_dict": {
      "type_III": {
        "precision": 0.5847953216374269,
        "recall": 0.8086253369272237,
        "f1-score": 0.6787330316742082,
        "support": 371.0
      },
      "type_IV": {
        "precision": 0.9002808988764045,
        "recall": 0.7505854800936768,
        "f1-score": 0.8186462324393359,
        "support": 854.0
      },
      "accuracy": 0.7681632653061224,
      "macro avg": {
        "precision": 0.7425381102569157,
        "recall": 0.7796054085104502,
        "f1-score": 0.748689632056772,
        "support": 1225.0
      },
      "weighted avg": {
        "precision": 0.8047338383411713,
        "recall": 0.7681632653061224,
        "f1-score": 0.7762725202076115,
        "support": 1225.0
      }
    },
    "classification_report_text": "              precision    recall  f1-score   support\n\n    type_III       0.58      0.81      0.68       371\n     type_IV       0.90      0.75      0.82       854\n\n    accuracy                           0.77      1225\n   macro avg       0.74      0.78      0.75      1225\nweighted avg       0.80      0.77      0.78      1225\n",
    "per_class_metrics": {
      "type_III": {
        "precision": 0.5847953216374269,
        "recall": 0.8086253369272237,
        "f1": 0.6787330316742082,
        "support": 371
      },
      "type_IV": {
        "precision": 0.9002808988764045,
        "recall": 0.7505854800936768,
        "f1": 0.8186462324393359,
        "support": 854
      }
    },
    "roc_auc": 0.8537530694306799
  },
  "test": {
    "accuracy": 0.7556451612903226,
    "precision_macro": 0.7402590934351113,
    "recall_macro": 0.7825587668593449,
    "f1_macro": 0.7405605168902892,
    "precision_weighted": 0.8100662531485698,
    "recall_weighted": 0.7556451612903226,
    "f1_weighted": 0.7652811715926849,
    "confusion_matrix": [
      [
        319,
        56
      ],
      [
        247,
        618
      ]
    ],
    "classification_report_dict": {
      "type_III": {
        "precision": 0.5636042402826855,
        "recall": 0.8506666666666667,
        "f1-score": 0.6780021253985122,
        "support": 375.0
      },
      "type_IV": {
        "precision": 0.9169139465875371,
        "recall": 0.7144508670520231,
        "f1-score": 0.8031189083820662,
        "support": 865.0
      },
      "accuracy": 0.7556451612903226,
      "macro avg": {
        "precision": 0.7402590934351113,
        "recall": 0.7825587668593449,
        "f1-score": 0.7405605168902892,
        "support": 1240.0
      },
      "weighted avg": {
        "precision": 0.8100662531485698,
        "recall": 0.7556451612903226,
        "f1-score": 0.7652811715926849,
        "support": 1240.0
      }
    },
    "classification_report_text": "              precision    recall  f1-score   support\n\n    type_III       0.56      0.85      0.68       375\n     type_IV       0.92      0.71      0.80       865\n\n    accuracy                           0.76      1240\n   macro avg       0.74      0.78      0.74      1240\nweighted avg       0.81      0.76      0.77      1240\n",
    "per_class_metrics": {
      "type_III": {
        "precision": 0.5636042402826855,
        "recall": 0.8506666666666667,
        "f1": 0.6780021253985122,
        "support": 375
      },
      "type_IV": {
        "precision": 0.9169139465875371,
        "recall": 0.7144508670520231,
        "f1": 0.8031189083820662,
        "support": 865
      }
    },
    "roc_auc": 0.8518736030828516
  }
}