{
  "best_params": {
    "mlpclassifier__activation": "relu",
    "mlpclassifier__hidden_layer_sizes": [
      3,
      3
    ],
    "mlpclassifier__learning_rate_init": 0.1,
    "mlpclassifier__max_iter": 200
  },
  "val": {
    "accuracy": 0.8163265306122449,
    "precision_macro": 0.788854551937746,
    "recall_macro": 0.76079271795325,
    "f1_macro": 0.772027046587126,
    "precision_weighted": 0.8110806251367124,
    "recall_weighted": 0.8163265306122449,
    "f1_weighted": 0.811650473965149,
    "confusion_matrix": [
      [
        230,
        141
      ],
      [
        84,
        770
      ]
    ],
    "classification_report_dict": {
      "type_III": {
        "precision": 0.732484076433121,
        "recall": 0.6199460916442049,
        "f1-score": 0.6715328467153284,
        "support": 371.0
      },
      "type_IV": {
        "precision": 0.845225027442371,
        "recall": 0.9016393442622951,
        "f1-score": 0.8725212464589235,
        "support": 854.0
      },
      "accuracy": 0.8163265306122449,
      "macro avg": {
        "precision": 0.788854551937746,
        "recall": 0.76079271795325,
        "f1-score": 0.772027046587126,
        "support": 1225.0
      },
      "weighted avg": {
        "precision": 0.8110806251367124,
        "recall": 0.8163265306122449,
        "f1-score": 0.811650473965149,
        "support": 1225.0
      }
    },
    "classification_report_text": "              precision    recall  f1-score   support\n\n    type_III       0.73      0.62      0.67       371\n     type_IV       0.85      0.90      0.87       854\n\n    accuracy                           0.82      1225\n   macro avg       0.79      0.76      0.77      1225\nweighted avg       0.81      0.82      0.81      1225\n",
    "per_class_metrics": {
      "type_III": {
        "precision": 0.732484076433121,
        "recall": 0.6199460916442049,
        "f1": 0.6715328467153284,
        "support": 371
      },
      "type_IV": {
        "precision": 0.845225027442371,
        "recall": 0.9016393442622951,
        "f1": 0.8725212464589235,
        "support": 854
      }
    },
    "roc_auc": 0.8714973771754295
  },
  "test": {
    "accuracy": 0.8104838709677419,
    "precision_macro": 0.7769662921348315,
    "recall_macro": 0.7659730250481696,
    "f1_macro": 0.7709794675311916,
    "precision_weighted": 0.8073803914461761,
    "recall_weighted": 0.8104838709677419,
    "f1_weighted": 0.8085661814805307,
    "confusion_matrix": [
      [
        245,
        130
      ],
      [
        105,
        760
      ]
    ],
    "classification_report_dict": {
      "type_III": {
        "precision": 0.7,
        "recall": 0.6533333333333333,
        "f1-score": 0.6758620689655173,
        "support": 375.0
      },
      "type_IV": {
        "precision": 0.8539325842696629,
        "recall": 0.8786127167630058,
        "f1-score": 0.8660968660968661,
        "support": 865.0
      },
      "accuracy": 0.8104838709677419,
      "macro avg": {
        "precision": 0.7769662921348315,
        "recall": 0.7659730250481696,
        "f1-score": 0.7709794675311916,
        "support": 1240.0
      },
      "weighted avg": {
        "precision": 0.8073803914461761,
        "recall": 0.8104838709677419,
        "f1-score": 0.8085661814805307,
        "support": 1240.0
      }
    },
    "classification_report_text": "              precision    recall  f1-score   support\n\n    type_III       0.70      0.65      0.68       375\n     type_IV       0.85      0.88      0.87       865\n\n    accuracy                           0.81      1240\n   macro avg       0.78      0.77      0.77      1240\nweighted avg       0.81      0.81      0.81      1240\n",
    "per_class_metrics": {
      "type_III": {
        "precision": 0.7,
        "recall": 0.6533333333333333,
        "f1": 0.6758620689655173,
        "support": 375
      },
      "type_IV": {
        "precision": 0.8539325842696629,
        "recall": 0.8786127167630058,
        "f1": 0.8660968660968661,
        "support": 865
      }
    },
    "roc_auc": 0.8709055876685935
  }
}