{
  "task": "clone_type",
  "best_model_by_val_f1_macro": "decision_tree",
  "best_val_f1_macro": 0.7555363819384526,
  "class_weight": "balanced",
  "results": [
    {
      "task": "clone_type",
      "model_name": "decision_tree",
      "split": "val",
      "metrics": {
        "accuracy": 0.7779591836734694,
        "precision_macro": 0.7473338802296965,
        "recall_macro": 0.779771110423755,
        "f1_macro": 0.7555363819384526,
        "precision_weighted": 0.8044459325978135,
        "recall_weighted": 0.7779591836734694,
        "f1_weighted": 0.7847283313670593,
        "confusion_matrix": [
          [
            291,
            80
          ],
          [
            192,
            662
          ]
        ],
        "classification_report_dict": {
          "type_III": {
            "precision": 0.6024844720496895,
            "recall": 0.784366576819407,
            "f1-score": 0.6814988290398126,
            "support": 371.0
          },
          "type_IV": {
            "precision": 0.8921832884097035,
            "recall": 0.775175644028103,
            "f1-score": 0.8295739348370927,
            "support": 854.0
          },
          "accuracy": 0.7779591836734694,
          "macro avg": {
            "precision": 0.7473338802296965,
            "recall": 0.779771110423755,
            "f1-score": 0.7555363819384526,
            "support": 1225.0
          },
          "weighted avg": {
            "precision": 0.8044459325978135,
            "recall": 0.7779591836734694,
            "f1-score": 0.7847283313670593,
            "support": 1225.0
          }
        },
        "classification_report_text": "              precision    recall  f1-score   support\n\n    type_III       0.60      0.78      0.68       371\n     type_IV       0.89      0.78      0.83       854\n\n    accuracy                           0.78      1225\n   macro avg       0.75      0.78      0.76      1225\nweighted avg       0.80      0.78      0.78      1225\n",
        "per_class_metrics": {
          "type_III": {
            "precision": 0.6024844720496895,
            "recall": 0.784366576819407,
            "f1": 0.6814988290398126,
            "support": 371
          },
          "type_IV": {
            "precision": 0.8921832884097035,
            "recall": 0.775175644028103,
            "f1": 0.8295739348370927,
            "support": 854
          }
        },
        "roc_auc": 0.800556442806012
      }
    },
    {
      "task": "clone_type",
      "model_name": "decision_tree",
      "split": "test",
      "metrics": {
        "accuracy": 0.7661290322580645,
        "precision_macro": 0.7358823130635211,
        "recall_macro": 0.768169556840077,
        "f1_macro": 0.7432712215320911,
        "precision_weighted": 0.7951658826848261,
        "recall_weighted": 0.7661290322580645,
        "f1_weighted": 0.7735423762772992,
        "confusion_matrix": [
          [
            290,
            85
          ],
          [
            205,
            660
          ]
        ],
        "classification_report_dict": {
          "type_III": {
            "precision": 0.5858585858585859,
            "recall": 0.7733333333333333,
            "f1-score": 0.6666666666666666,
            "support": 375.0
          },
          "type_IV": {
            "precision": 0.8859060402684564,
            "recall": 0.7630057803468208,
            "f1-score": 0.8198757763975155,
            "support": 865.0
          },
          "accuracy": 0.7661290322580645,
          "macro avg": {
            "precision": 0.7358823130635211,
            "recall": 0.768169556840077,
            "f1-score": 0.7432712215320911,
            "support": 1240.0
          },
          "weighted avg": {
            "precision": 0.7951658826848261,
            "recall": 0.7661290322580645,
            "f1-score": 0.7735423762772992,
            "support": 1240.0
          }
        },
        "classification_report_text": "              precision    recall  f1-score   support\n\n    type_III       0.59      0.77      0.67       375\n     type_IV       0.89      0.76      0.82       865\n\n    accuracy                           0.77      1240\n   macro avg       0.74      0.77      0.74      1240\nweighted avg       0.80      0.77      0.77      1240\n",
        "per_class_metrics": {
          "type_III": {
            "precision": 0.5858585858585859,
            "recall": 0.7733333333333333,
            "f1": 0.6666666666666666,
            "support": 375
          },
          "type_IV": {
            "precision": 0.8859060402684564,
            "recall": 0.7630057803468208,
            "f1": 0.8198757763975155,
            "support": 865
          }
        },
        "roc_auc": 0.8048539499036609
      }
    }
  ]
}