{
  "val": {
    "accuracy": 0.7722448979591837,
    "precision_macro": 0.741844723990266,
    "recall_macro": 0.7741482921656135,
    "f1_macro": 0.7496522490094866,
    "precision_weighted": 0.7998814197491089,
    "recall_weighted": 0.7722448979591837,
    "f1_weighted": 0.779305100755964,
    "confusion_matrix": [
      [
        289,
        82
      ],
      [
        197,
        657
      ]
    ],
    "classification_report_dict": {
      "type_III": {
        "precision": 0.5946502057613169,
        "recall": 0.7789757412398922,
        "f1-score": 0.6744457409568262,
        "support": 371.0
      },
      "type_IV": {
        "precision": 0.8890392422192152,
        "recall": 0.7693208430913349,
        "f1-score": 0.8248587570621468,
        "support": 854.0
      },
      "accuracy": 0.7722448979591837,
      "macro avg": {
        "precision": 0.741844723990266,
        "recall": 0.7741482921656135,
        "f1-score": 0.7496522490094866,
        "support": 1225.0
      },
      "weighted avg": {
        "precision": 0.7998814197491089,
        "recall": 0.7722448979591837,
        "f1-score": 0.779305100755964,
        "support": 1225.0
      }
    },
    "classification_report_text": "              precision    recall  f1-score   support\n\n    type_III       0.59      0.78      0.67       371\n     type_IV       0.89      0.77      0.82       854\n\n    accuracy                           0.77      1225\n   macro avg       0.74      0.77      0.75      1225\nweighted avg       0.80      0.77      0.78      1225\n"
  },
  "test": {
    "accuracy": 0.7653225806451613,
    "precision_macro": 0.7355649011138896,
    "recall_macro": 0.7683468208092485,
    "f1_macro": 0.7427919518772039,
    "precision_weighted": 0.7953241755824272,
    "recall_weighted": 0.7653225806451613,
    "f1_weighted": 0.7728737178071743,
    "confusion_matrix": [
      [
        291,
        84
      ],
      [
        207,
        658
      ]
    ],
    "classification_report_dict": {
      "type_III": {
        "precision": 0.5843373493975904,
        "recall": 0.776,
        "f1-score": 0.6666666666666666,
        "support": 375.0
      },
      "type_IV": {
        "precision": 0.8867924528301887,
        "recall": 0.7606936416184971,
        "f1-score": 0.8189172370877411,
        "support": 865.0
      },
      "accuracy": 0.7653225806451613,
      "macro avg": {
        "precision": 0.7355649011138896,
        "recall": 0.7683468208092485,
        "f1-score": 0.7427919518772039,
        "support": 1240.0
      },
      "weighted avg": {
        "precision": 0.7953241755824272,
        "recall": 0.7653225806451613,
        "f1-score": 0.7728737178071743,
        "support": 1240.0
      }
    },
    "classification_report_text": "              precision    recall  f1-score   support\n\n    type_III       0.58      0.78      0.67       375\n     type_IV       0.89      0.76      0.82       865\n\n    accuracy                           0.77      1240\n   macro avg       0.74      0.77      0.74      1240\nweighted avg       0.80      0.77      0.77      1240\n"
  }
}