{
  "task": "clone_type",
  "best_model_by_val_f1_macro": "mlp_gridsearch",
  "best_val_f1_macro": 0.772027046587126,
  "class_weight": "balanced",
  "results": [
    {
      "task": "clone_type",
      "model_name": "logistic_regression",
      "split": "val",
      "metrics": {
        "accuracy": 0.7681632653061224,
        "precision_macro": 0.7425381102569157,
        "recall_macro": 0.7796054085104502,
        "f1_macro": 0.748689632056772,
        "precision_weighted": 0.8047338383411713,
        "recall_weighted": 0.7681632653061224,
        "f1_weighted": 0.7762725202076115,
        "confusion_matrix": [
          [
            300,
            71
          ],
          [
            213,
            641
          ]
        ],
        "classification_report_dict": {
          "type_III": {
            "precision": 0.5847953216374269,
            "recall": 0.8086253369272237,
            "f1-score": 0.6787330316742082,
            "support": 371.0
          },
          "type_IV": {
            "precision": 0.9002808988764045,
            "recall": 0.7505854800936768,
            "f1-score": 0.8186462324393359,
            "support": 854.0
          },
          "accuracy": 0.7681632653061224,
          "macro avg": {
            "precision": 0.7425381102569157,
            "recall": 0.7796054085104502,
            "f1-score": 0.748689632056772,
            "support": 1225.0
          },
          "weighted avg": {
            "precision": 0.8047338383411713,
            "recall": 0.7681632653061224,
            "f1-score": 0.7762725202076115,
            "support": 1225.0
          }
        },
        "classification_report_text": "              precision    recall  f1-score   support\n\n    type_III       0.58      0.81      0.68       371\n     type_IV       0.90      0.75      0.82       854\n\n    accuracy                           0.77      1225\n   macro avg       0.74      0.78      0.75      1225\nweighted avg       0.80      0.77      0.78      1225\n",
        "per_class_metrics": {
          "type_III": {
            "precision": 0.5847953216374269,
            "recall": 0.8086253369272237,
            "f1": 0.6787330316742082,
            "support": 371
          },
          "type_IV": {
            "precision": 0.9002808988764045,
            "recall": 0.7505854800936768,
            "f1": 0.8186462324393359,
            "support": 854
          }
        },
        "roc_auc": 0.853939286818965
      }
    },
    {
      "task": "clone_type",
      "model_name": "logistic_regression",
      "split": "test",
      "metrics": {
        "accuracy": 0.7564516129032258,
        "precision_macro": 0.7408194034742708,
        "recall_macro": 0.7831368015414258,
        "f1_macro": 0.7413097540757115,
        "precision_weighted": 0.8104537909305252,
        "recall_weighted": 0.7564516129032258,
        "f1_weighted": 0.7660414568273182,
        "confusion_matrix": [
          [
            319,
            56
          ],
          [
            246,
            619
          ]
        ],
        "classification_report_dict": {
          "type_III": {
            "precision": 0.5646017699115045,
            "recall": 0.8506666666666667,
            "f1-score": 0.6787234042553192,
            "support": 375.0
          },
          "type_IV": {
            "precision": 0.917037037037037,
            "recall": 0.715606936416185,
            "f1-score": 0.8038961038961039,
            "support": 865.0
          },
          "accuracy": 0.7564516129032258,
          "macro avg": {
            "precision": 0.7408194034742708,
            "recall": 0.7831368015414258,
            "f1-score": 0.7413097540757115,
            "support": 1240.0
          },
          "weighted avg": {
            "precision": 0.8104537909305252,
            "recall": 0.7564516129032258,
            "f1-score": 0.7660414568273182,
            "support": 1240.0
          }
        },
        "classification_report_text": "              precision    recall  f1-score   support\n\n    type_III       0.56      0.85      0.68       375\n     type_IV       0.92      0.72      0.80       865\n\n    accuracy                           0.76      1240\n   macro avg       0.74      0.78      0.74      1240\nweighted avg       0.81      0.76      0.77      1240\n",
        "per_class_metrics": {
          "type_III": {
            "precision": 0.5646017699115045,
            "recall": 0.8506666666666667,
            "f1": 0.6787234042553192,
            "support": 375
          },
          "type_IV": {
            "precision": 0.917037037037037,
            "recall": 0.715606936416185,
            "f1": 0.8038961038961039,
            "support": 865
          }
        },
        "roc_auc": 0.8518828516377648
      }
    },
    {
      "task": "clone_type",
      "model_name": "decision_tree",
      "split": "val",
      "metrics": {
        "accuracy": 0.7755102040816326,
        "precision_macro": 0.7446108352926065,
        "recall_macro": 0.7764902125403208,
        "f1_macro": 0.752705284894523,
        "precision_weighted": 0.8017924258102296,
        "recall_weighted": 0.7755102040816326,
        "f1_weighted": 0.7823148977100445,
        "confusion_matrix": [
          [
            289,
            82
          ],
          [
            193,
            661
          ]
        ],
        "classification_report_dict": {
          "type_III": {
            "precision": 0.5995850622406639,
            "recall": 0.7789757412398922,
            "f1-score": 0.6776084407971864,
            "support": 371.0
          },
          "type_IV": {
            "precision": 0.8896366083445492,
            "recall": 0.7740046838407494,
            "f1-score": 0.8278021289918598,
            "support": 854.0
          },
          "accuracy": 0.7755102040816326,
          "macro avg": {
            "precision": 0.7446108352926065,
            "recall": 0.7764902125403208,
            "f1-score": 0.752705284894523,
            "support": 1225.0
          },
          "weighted avg": {
            "precision": 0.8017924258102296,
            "recall": 0.7755102040816326,
            "f1-score": 0.7823148977100445,
            "support": 1225.0
          }
        },
        "classification_report_text": "              precision    recall  f1-score   support\n\n    type_III       0.60      0.78      0.68       371\n     type_IV       0.89      0.77      0.83       854\n\n    accuracy                           0.78      1225\n   macro avg       0.74      0.78      0.75      1225\nweighted avg       0.80      0.78      0.78      1225\n",
        "per_class_metrics": {
          "type_III": {
            "precision": 0.5995850622406639,
            "recall": 0.7789757412398922,
            "f1": 0.6776084407971864,
            "support": 371
          },
          "type_IV": {
            "precision": 0.8896366083445492,
            "recall": 0.7740046838407494,
            "f1": 0.8278021289918598,
            "support": 854
          }
        },
        "roc_auc": 0.795645353718351
      }
    },
    {
      "task": "clone_type",
      "model_name": "decision_tree",
      "split": "test",
      "metrics": {
        "accuracy": 0.7653225806451613,
        "precision_macro": 0.7348693707872487,
        "recall_macro": 0.7668362235067437,
        "f1_macro": 0.742249594452409,
        "precision_weighted": 0.7940839455109677,
        "recall_weighted": 0.7653225806451613,
        "f1_weighted": 0.7727233498013272,
        "confusion_matrix": [
          [
            289,
            86
          ],
          [
            205,
            660
          ]
        ],
        "classification_report_dict": {
          "type_III": {
            "precision": 0.5850202429149798,
            "recall": 0.7706666666666667,
            "f1-score": 0.6651323360184119,
            "support": 375.0
          },
          "type_IV": {
            "precision": 0.8847184986595175,