{
  "task": "clone_type",
  "best_model_by_val_f1_macro": "decision_tree",
  "best_val_f1_macro": 0.7496522490094866,
  "class_weight": "balanced",
  "results": [
    {
      "task": "clone_type",
      "model_name": "logistic_regression",
      "split": "val",
      "metrics": {
        "accuracy": 0.7681632653061224,
        "precision_macro": 0.7425381102569157,
        "recall_macro": 0.7796054085104502,
        "f1_macro": 0.748689632056772,
        "precision_weighted": 0.8047338383411713,
        "recall_weighted": 0.7681632653061224,
        "f1_weighted": 0.7762725202076115,
        "confusion_matrix": [
          [
            300,
            71
          ],
          [
            213,
            641
          ]
        ],
        "classification_report_dict": {
          "type_III": {
            "precision": 0.5847953216374269,
            "recall": 0.8086253369272237,
            "f1-score": 0.6787330316742082,
            "support": 371.0
          },
          "type_IV": {
            "precision": 0.9002808988764045,
            "recall": 0.7505854800936768,
            "f1-score": 0.8186462324393359,
            "support": 854.0
          },
          "accuracy": 0.7681632653061224,
          "macro avg": {
            "precision": 0.7425381102569157,
            "recall": 0.7796054085104502,
            "f1-score": 0.748689632056772,
            "support": 1225.0
          },
          "weighted avg": {
            "precision": 0.8047338383411713,
            "recall": 0.7681632653061224,
            "f1-score": 0.7762725202076115,
            "support": 1225.0
          }
        },
        "classification_report_text": "              precision    recall  f1-score   support\n\n    type_III       0.58      0.81      0.68       371\n     type_IV       0.90      0.75      0.82       854\n\n    accuracy                           0.77      1225\n   macro avg       0.74      0.78      0.75      1225\nweighted avg       0.80      0.77      0.78      1225\n"
      }
    },
    {
      "task": "clone_type",
      "model_name": "logistic_regression",
      "split": "test",
      "metrics": {
        "accuracy": 0.7540322580645161,
        "precision_macro": 0.7391431924882629,
        "recall_macro": 0.7814026974951831,
        "f1_macro": 0.7390628201775781,
        "precision_weighted": 0.8092935976071481,
        "recall_weighted": 0.7540322580645161,
        "f1_weighted": 0.7637598725836375,
        "confusion_matrix": [
          [
            319,
            56
          ],
          [
            249,
            616
          ]
        ],
        "classification_report_dict": {
          "type_III": {
            "precision": 0.5616197183098591,
            "recall": 0.8506666666666667,
            "f1-score": 0.6765641569459173,
            "support": 375.0
          },
          "type_IV": {
            "precision": 0.9166666666666666,
            "recall": 0.7121387283236994,
            "f1-score": 0.8015614834092388,
            "support": 865.0
          },
          "accuracy": 0.7540322580645161,
          "macro avg": {
            "precision": 0.7391431924882629,
            "recall": 0.7814026974951831,
            "f1-score": 0.7390628201775781,
            "support": 1240.0
          },
          "weighted avg": {
            "precision": 0.8092935976071481,
            "recall": 0.7540322580645161,
            "f1-score": 0.7637598725836375,
            "support": 1240.0
          }
        },
        "classification_report_text": "              precision    recall  f1-score   support\n\n    type_III       0.56      0.85      0.68       375\n     type_IV       0.92      0.71      0.80       865\n\n    accuracy                           0.75      1240\n   macro avg       0.74      0.78      0.74      1240\nweighted avg       0.81      0.75      0.76      1240\n"
      }
    },
    {
      "task": "clone_type",
      "model_name": "decision_tree",
      "split": "val",
      "metrics": {
        "accuracy": 0.7722448979591837,
        "precision_macro": 0.741844723990266,
        "recall_macro": 0.7741482921656135,
        "f1_macro": 0.7496522490094866,
        "precision_weighted": 0.7998814197491089,
        "recall_weighted": 0.7722448979591837,
        "f1_weighted": 0.779305100755964,
        "confusion_matrix": [
          [
            289,
            82
          ],
          [
            197,
            657
          ]
        ],
        "classification_report_dict": {
          "type_III": {
            "precision": 0.5946502057613169,
            "recall": 0.7789757412398922,
            "f1-score": 0.6744457409568262,
            "support": 371.0
          },
          "type_IV": {
            "precision": 0.8890392422192152,
            "recall": 0.7693208430913349,
            "f1-score": 0.8248587570621468,
            "support": 854.0
          },
          "accuracy": 0.7722448979591837,
          "macro avg": {
            "precision": 0.741844723990266,
            "recall": 0.7741482921656135,
            "f1-score": 0.7496522490094866,
            "support": 1225.0
          },
          "weighted avg": {
            "precision": 0.7998814197491089,
            "recall": 0.7722448979591837,
            "f1-score": 0.779305100755964,
            "support": 1225.0
          }
        },
        "classification_report_text": "              precision    recall  f1-score   support\n\n    type_III       0.59      0.78      0.67       371\n     type_IV       0.89      0.77      0.82       854\n\n    accuracy                           0.77      1225\n   macro avg       0.74      0.77      0.75      1225\nweighted avg       0.80      0.77      0.78      1225\n"
      }
    },
    {
      "task": "clone_type",
      "model_name": "decision_tree",
      "split": "test",
      "metrics": {
        "accuracy": 0.7653225806451613,
        "precision_macro": 0.7355649011138896,
        "recall_macro": 0.7683468208092485,
        "f1_macro": 0.7427919518772039,
        "precision_weighted": 0.7953241755824272,
        "recall_weighted": 0.7653225806451613,
        "f1_weighted": 0.7728737178071743,
        "confusion_matrix": [
          [
            291,
            84
          ],
          [
            207,
            658
          ]
        ],
        "classification_report_dict": {
          "type_III": {
            "precision": 0.5843373493975904,
            "recall": 0.776,
            "f1-score": 0.6666666666666666,
            "support": 375.0
          },
          "type_IV": {
            "precision": 0.8867924528301887,
            "recall": 0.7606936416184971,
            "f1-score": 0.8189172370877411,
            "support": 865.0
          },
          "accuracy": 0.7653225806451613,
          "macro avg": {
            "precision": 0.7355649011138896,
            "recall": 0.7683468208092485,
            "f1-score": 0.7427919518772039,
            "support": 1240.0
          },
          "weighted avg": {
            "precision": 0.7953241755824272,
            "recall": 0.7653225806451613,
            "f1-score": 0.7728737178071743,
            "support": 1240.0
          }
        },
        "classification_report_text": "              precision    recall  f1-score   support\n\n    type_III       0.58      0.78      0.67       375\n     type_IV       0.89      0.76      0.82       865\n\n    accuracy                           0.77      1240\n   macro avg       0.74      0.77      0.74      1240\nweighted avg       0.80      0.77      0.77      1240\n"
      }
    }
  ]
}