{
  "task": "clone_type",
  "best_model_by_val_f1_macro": "decision_tree",
  "best_val_f1_macro": 0.6875792588417642,
  "class_weight": null,
  "results": [
    {
      "task": "clone_type",
      "model_name": "decision_tree",
      "split": "val",
      "metrics": {
        "accuracy": 0.7044897959183674,
        "precision_macro": 0.6914543057996485,
        "recall_macro": 0.7255534443904379,
        "f1_macro": 0.6875792588417642,
        "precision_weighted": 0.7638237509415013,
        "recall_weighted": 0.7044897959183674,
        "f1_weighted": 0.7162381690452706,
        "confusion_matrix": [
          [
            289,
            82
          ],
          [
            280,
            574
          ]
        ],
        "classification_report_dict": {
          "type_III": {
            "precision": 0.507908611599297,
            "recall": 0.7789757412398922,
            "f1-score": 0.6148936170212767,
            "support": 371.0
          },
          "type_IV": {
            "precision": 0.875,
            "recall": 0.6721311475409836,
            "f1-score": 0.7602649006622516,
            "support": 854.0
          },
          "accuracy": 0.7044897959183674,
          "macro avg": {
            "precision": 0.6914543057996485,
            "recall": 0.7255534443904379,
            "f1-score": 0.6875792588417642,
            "support": 1225.0
          },
          "weighted avg": {
            "precision": 0.7638237509415013,
            "recall": 0.7044897959183674,
            "f1-score": 0.7162381690452706,
            "support": 1225.0
          }
        },
        "classification_report_text": "              precision    recall  f1-score   support\n\n    type_III       0.51      0.78      0.61       371\n     type_IV       0.88      0.67      0.76       854\n\n    accuracy                           0.70      1225\n   macro avg       0.69      0.73      0.69      1225\nweighted avg       0.76      0.70      0.72      1225\n",
        "per_class_metrics": {
          "type_III": {
            "precision": 0.507908611599297,
            "recall": 0.7789757412398922,
            "f1": 0.6148936170212767,
            "support": 371
          },
          "type_IV": {
            "precision": 0.875,
            "recall": 0.6721311475409836,
            "f1": 0.7602649006622516,
            "support": 854
          }
        },
        "roc_auc": 0.7610183881780365
      }
    },
    {
      "task": "clone_type",
      "model_name": "decision_tree",
      "split": "test",
      "metrics": {
        "accuracy": 0.728225806451613,
        "precision_macro": 0.7142131820275532,
        "recall_macro": 0.7523314065510598,
        "f1_macro": 0.7121544948135046,
        "precision_weighted": 0.7857359525253577,
        "recall_weighted": 0.728225806451613,
        "f1_weighted": 0.7390314323652899,
        "confusion_matrix": [
          [
            305,
            70
          ],
          [
            267,
            598
          ]
        ],
        "classification_report_dict": {
          "type_III": {
            "precision": 0.5332167832167832,
            "recall": 0.8133333333333334,
            "f1-score": 0.6441393875395988,
            "support": 375.0
          },
          "type_IV": {
            "precision": 0.8952095808383234,
            "recall": 0.6913294797687861,
            "f1-score": 0.7801696020874103,
            "support": 865.0
          },
          "accuracy": 0.728225806451613,
          "macro avg": {
            "precision": 0.7142131820275532,
            "recall": 0.7523314065510598,
            "f1-score": 0.7121544948135046,
            "support": 1240.0
          },
          "weighted avg": {
            "precision": 0.7857359525253577,
            "recall": 0.728225806451613,
            "f1-score": 0.7390314323652899,
            "support": 1240.0
          }
        },
        "classification_report_text": "              precision    recall  f1-score   support\n\n    type_III       0.53      0.81      0.64       375\n     type_IV       0.90      0.69      0.78       865\n\n    accuracy                           0.73      1240\n   macro avg       0.71      0.75      0.71      1240\nweighted avg       0.79      0.73      0.74      1240\n",
        "per_class_metrics": {
          "type_III": {
            "precision": 0.5332167832167832,
            "recall": 0.8133333333333334,
            "f1": 0.6441393875395988,
            "support": 375
          },
          "type_IV": {
            "precision": 0.8952095808383234,
            "recall": 0.6913294797687861,
            "f1": 0.7801696020874103,
            "support": 865
          }
        },
        "roc_auc": 0.7841865125240848
      }
    }
  ]
}