{
  "val": {
    "accuracy": 0.7624489795918368,
    "precision_macro": 0.7277592438142897,
    "recall_macro": 0.7534024126198577,
    "f1_macro": 0.7353486849285169,
    "precision_weighted": 0.7834241686666326,
    "recall_weighted": 0.7624489795918368,
    "f1_weighted": 0.7687401194243931,
    "confusion_matrix": [
      [
        271,
        100
      ],
      [
        191,
        663
      ]
    ],
    "classification_report_dict": {
      "type_III": {
        "precision": 0.5865800865800865,
        "recall": 0.7304582210242587,
        "f1-score": 0.6506602641056423,
        "support": 371.0
      },
      "type_IV": {
        "precision": 0.8689384010484927,
        "recall": 0.7763466042154566,
        "f1-score": 0.8200371057513914,
        "support": 854.0
      },
      "accuracy": 0.7624489795918368,
      "macro avg": {
        "precision": 0.7277592438142897,
        "recall": 0.7534024126198577,
        "f1-score": 0.7353486849285169,
        "support": 1225.0
      },
      "weighted avg": {
        "precision": 0.7834241686666326,
        "recall": 0.7624489795918368,
        "f1-score": 0.7687401194243931,
        "support": 1225.0
      }
    },
    "classification_report_text": "              precision    recall  f1-score   support\n\n    type_III       0.59      0.73      0.65       371\n     type_IV       0.87      0.78      0.82       854\n\n    accuracy                           0.76      1225\n   macro avg       0.73      0.75      0.74      1225\nweighted avg       0.78      0.76      0.77      1225\n",
    "per_class_metrics": {
      "type_III": {
        "precision": 0.5865800865800865,
        "recall": 0.7304582210242587,
        "f1": 0.6506602641056423,
        "support": 371
      },
      "type_IV": {
        "precision": 0.8689384010484927,
        "recall": 0.7763466042154566,
        "f1": 0.8200371057513914,
        "support": 854
      }
    },
    "roc_auc": 0.7741214642367928
  },
  "test": {
    "accuracy": 0.7645161290322581,
    "precision_macro": 0.735260196791802,
    "recall_macro": 0.76852408477842,
    "f1_macro": 0.742310889443059,
    "precision_weighted": 0.7954929984633291,
    "recall_weighted": 0.7645161290322581,
    "f1_weighted": 0.7722025581208269,
    "confusion_matrix": [
      [
        292,
        83
      ],
      [
        209,
        656
      ]
    ],
    "classification_report_dict": {
      "type_III": {
        "precision": 0.5828343313373253,
        "recall": 0.7786666666666666,
        "f1-score": 0.6666666666666666,
        "support": 375.0
      },
      "type_IV": {
        "precision": 0.8876860622462788,
        "recall": 0.7583815028901734,
        "f1-score": 0.8179551122194514,
        "support": 865.0
      },
      "accuracy": 0.7645161290322581,
      "macro avg": {
        "precision": 0.735260196791802,
        "recall": 0.76852408477842,
        "f1-score": 0.742310889443059,
        "support": 1240.0
      },
      "weighted avg": {
        "precision": 0.7954929984633291,
        "recall": 0.7645161290322581,
        "f1-score": 0.7722025581208269,
        "support": 1240.0
      }
    },
    "classification_report_text": "              precision    recall  f1-score   support\n\n    type_III       0.58      0.78      0.67       375\n     type_IV       0.89      0.76      0.82       865\n\n    accuracy                           0.76      1240\n   macro avg       0.74      0.77      0.74      1240\nweighted avg       0.80      0.76      0.77      1240\n",
    "per_class_metrics": {
      "type_III": {
        "precision": 0.5828343313373253,
        "recall": 0.7786666666666666,
        "f1": 0.6666666666666666,
        "support": 375
      },
      "type_IV": {
        "precision": 0.8876860622462788,
        "recall": 0.7583815028901734,
        "f1": 0.8179551122194514,
        "support": 865
      }
    },
    "roc_auc": 0.7896369942196533
  }
}