task,model,split,accuracy,precision_macro,recall_macro,f1_macro,precision_weighted,recall_weighted,f1_weighted
is_clone,decision_tree,val,0.8770710849812934,0.8591141601973882,0.8801569706699284,0.8671624191238209,0.8847486300195426,0.8770710849812934,0.8788162511792827
is_clone,decision_tree,test,0.8805809575040344,0.8625686260156651,0.8841211369188413,0.8708203433121737,0.8882821918696081,0.8805809575040344,0.8823000480662017
clone_type,decision_tree,val,0.7044897959183674,0.6920138498369189,0.7263156731916398,0.6878291011280249,0.764614837274745,0.7044897959183674,0.7162641385263833
clone_type,decision_tree,test,0.7241935483870968,0.7104248922659089,0.7479306358381503,0.7080014542089434,0.7821976741742285,0.7241935483870968,0.7351731190969405
