{
  "task": "clone_type",
  "best_model_by_val_f1_macro": "decision_tree",
  "best_val_f1_macro": 0.6878291011280249,
  "class_weight": null,
  "results": [
    {
      "task": "clone_type",
      "model_name": "decision_tree",
      "split": "val",
      "metrics": {
        "accuracy": 0.7044897959183674,
        "precision_macro": 0.6920138498369189,
        "recall_macro": 0.7263156731916398,
        "f1_macro": 0.6878291011280249,
        "precision_weighted": 0.764614837274745,
        "recall_weighted": 0.7044897959183674,
        "f1_weighted": 0.7162641385263833,
        "confusion_matrix": [
          [
            290,
            81
          ],
          [
            281,
            573
          ]
        ],
        "classification_report_dict": {
          "type_III": {
            "precision": 0.5078809106830122,
            "recall": 0.7816711590296496,
            "f1-score": 0.6157112526539278,
            "support": 371.0
          },
          "type_IV": {
            "precision": 0.8761467889908257,
            "recall": 0.6709601873536299,
            "f1-score": 0.7599469496021221,
            "support": 854.0
          },
          "accuracy": 0.7044897959183674,
          "macro avg": {
            "precision": 0.6920138498369189,
            "recall": 0.7263156731916398,
            "f1-score": 0.6878291011280249,
            "support": 1225.0
          },
          "weighted avg": {
            "precision": 0.764614837274745,
            "recall": 0.7044897959183674,
            "f1-score": 0.7162641385263833,
            "support": 1225.0
          }
        },
        "classification_report_text": "              precision    recall  f1-score   support\n\n    type_III       0.51      0.78      0.62       371\n     type_IV       0.88      0.67      0.76       854\n\n    accuracy                           0.70      1225\n   macro avg       0.69      0.73      0.69      1225\nweighted avg       0.76      0.70      0.72      1225\n",
        "per_class_metrics": {
          "type_III": {
            "precision": 0.5078809106830122,
            "recall": 0.7816711590296496,
            "f1": 0.6157112526539278,
            "support": 371
          },
          "type_IV": {
            "precision": 0.8761467889908257,
            "recall": 0.6709601873536299,
            "f1": 0.7599469496021221,
            "support": 854
          }
        },
        "roc_auc": 0.7625033929439391
      }
    },
    {
      "task": "clone_type",
      "model_name": "decision_tree",
      "split": "test",
      "metrics": {
        "accuracy": 0.7241935483870968,
        "precision_macro": 0.7104248922659089,
        "recall_macro": 0.7479306358381503,
        "f1_macro": 0.7080014542089434,
        "precision_weighted": 0.7821976741742285,
        "recall_weighted": 0.7241935483870968,
        "f1_weighted": 0.7351731190969405,
        "confusion_matrix": [
          [
            303,
            72
          ],
          [
            270,
            595
          ]
        ],
        "classification_report_dict": {
          "type_III": {
            "precision": 0.5287958115183246,
            "recall": 0.808,
            "f1-score": 0.6392405063291139,
            "support": 375.0
          },
          "type_IV": {
            "precision": 0.8920539730134932,
            "recall": 0.6878612716763006,
            "f1-score": 0.7767624020887729,
            "support": 865.0
          },
          "accuracy": 0.7241935483870968,
          "macro avg": {
            "precision": 0.7104248922659089,
            "recall": 0.7479306358381503,
            "f1-score": 0.7080014542089434,
            "support": 1240.0
          },
          "weighted avg": {
            "precision": 0.7821976741742285,
            "recall": 0.7241935483870968,
            "f1-score": 0.7351731190969405,
            "support": 1240.0
          }
        },
        "classification_report_text": "              precision    recall  f1-score   support\n\n    type_III       0.53      0.81      0.64       375\n     type_IV       0.89      0.69      0.78       865\n\n    accuracy                           0.72      1240\n   macro avg       0.71      0.75      0.71      1240\nweighted avg       0.78      0.72      0.74      1240\n",
        "per_class_metrics": {
          "type_III": {
            "precision": 0.5287958115183246,
            "recall": 0.808,
            "f1": 0.6392405063291139,
            "support": 375
          },
          "type_IV": {
            "precision": 0.8920539730134932,
            "recall": 0.6878612716763006,
            "f1": 0.7767624020887729,
            "support": 865
          }
        },
        "roc_auc": 0.780721387283237
      }
    }
  ],
  "class_imbalance_ratio_train": 1.0,
  "class_distribution_train": {
    "type_III": 1751,
    "type_IV": 1751
  },
  "class_distribution_train_before_balance": {
    "type_IV": 4037,
    "type_III": 1751
  },
  "balance_info": {
    "strategy": "undersample",
    "target_col": "clone_type",
    "rows_before": 5788,
    "class_distribution_before": {
      "type_IV": 4037,
      "type_III": 1751
    },
    "rows_after": 3502,
    "class_distribution_after": {
      "type_III": 1751,
      "type_IV": 1751
    }
  }
}