task,model,split,accuracy,precision_macro,recall_macro,f1_macro,precision_weighted,recall_weighted,f1_weighted
clone_type,decision_tree,val,0.7044897959183674,0.6920138498369189,0.7263156731916398,0.6878291011280249,0.764614837274745,0.7044897959183674,0.7162641385263833
clone_type,decision_tree,test,0.7241935483870968,0.7104248922659089,0.7479306358381503,0.7080014542089434,0.7821976741742285,0.7241935483870968,0.7351731190969405
