{
  "task": "is_clone",
  "best_model_by_val_f1_macro": "decision_tree",
  "best_val_f1_macro": 0.8813711580956207,
  "class_weight": "balanced",
  "results": [
    {
      "task": "is_clone",
      "model_name": "decision_tree",
      "split": "val",
      "metrics": {
        "accuracy": 0.892036344200962,
        "precision_macro": 0.8765074941161898,
        "recall_macro": 0.88727225237622,
        "f1_macro": 0.8813711580956207,
        "precision_weighted": 0.8944208125441132,
        "recall_weighted": 0.892036344200962,
        "f1_weighted": 0.8927967852779918,
        "confusion_matrix": [
          [
            554,
            81
          ],
          [
            121,
            1115
          ]
        ],
        "classification_report_dict": {
          "0": {
            "precision": 0.8207407407407408,
            "recall": 0.8724409448818897,
            "f1-score": 0.8458015267175573,
            "support": 635.0
          },
          "1": {
            "precision": 0.9322742474916388,
            "recall": 0.9021035598705501,
            "f1-score": 0.9169407894736842,
            "support": 1236.0
          },
          "accuracy": 0.892036344200962,
          "macro avg": {
            "precision": 0.8765074941161898,
            "recall": 0.88727225237622,
            "f1-score": 0.8813711580956207,
            "support": 1871.0
          },
          "weighted avg": {
            "precision": 0.8944208125441132,
            "recall": 0.892036344200962,
            "f1-score": 0.8927967852779918,
            "support": 1871.0
          }
        },
        "classification_report_text": "              precision    recall  f1-score   support\n\n           0       0.82      0.87      0.85       635\n           1       0.93      0.90      0.92      1236\n\n    accuracy                           0.89      1871\n   macro avg       0.88      0.89      0.88      1871\nweighted avg       0.89      0.89      0.89      1871\n",
        "per_class_metrics": {
          "0": {
            "precision": 0.8207407407407408,
            "recall": 0.8724409448818897,
            "f1": 0.8458015267175573,
            "support": 635
          },
          "1": {
            "precision": 0.9322742474916388,
            "recall": 0.9021035598705501,
            "f1": 0.9169407894736842,
            "support": 1236
          }
        },
        "roc_auc": 0.9154059322681751
      }
    },
    {
      "task": "is_clone",
      "model_name": "decision_tree",
      "split": "test",
      "metrics": {
        "accuracy": 0.8977945131791286,
        "precision_macro": 0.8829267492950358,
        "recall_macro": 0.8924683650652087,
        "f1_macro": 0.8873114785897871,
        "precision_weighted": 0.8996913385902323,
        "recall_weighted": 0.8977945131791286,
        "f1_weighted": 0.8984231254825459,
        "confusion_matrix": [
          [
            551,
            78
          ],
          [
            112,
            1118
          ]
        ],
        "classification_report_dict": {
          "0": {
            "precision": 0.8310708898944194,
            "recall": 0.875993640699523,
            "f1-score": 0.8529411764705882,
            "support": 629.0
          },
          "1": {
            "precision": 0.9347826086956522,
            "recall": 0.9089430894308943,
            "f1-score": 0.921681780708986,
            "support": 1230.0
          },
          "accuracy": 0.8977945131791286,
          "macro avg": {
            "precision": 0.8829267492950358,
            "recall": 0.8924683650652087,
            "f1-score": 0.8873114785897871,
            "support": 1859.0
          },
          "weighted avg": {
            "precision": 0.8996913385902323,
            "recall": 0.8977945131791286,
            "f1-score": 0.8984231254825459,
            "support": 1859.0
          }
        },
        "classification_report_text": "              precision    recall  f1-score   support\n\n           0       0.83      0.88      0.85       629\n           1       0.93      0.91      0.92      1230\n\n    accuracy                           0.90      1859\n   macro avg       0.88      0.89      0.89      1859\nweighted avg       0.90      0.90      0.90      1859\n",
        "per_class_metrics": {
          "0": {
            "precision": 0.8310708898944194,
            "recall": 0.875993640699523,
            "f1": 0.8529411764705882,
            "support": 629
          },
          "1": {
            "precision": 0.9347826086956522,
            "recall": 0.9089430894308943,
            "f1": 0.921681780708986,
            "support": 1230
          }
        },
        "roc_auc": 0.9109129215298513
      }
    }
  ],
  "class_imbalance_ratio_train": 1.9504550050556118,
  "class_distribution_train": {
    "1": 5787,
    "0": 2967
  }
}