{
  "task": "is_clone",
  "best_model_by_val_f1_macro": "decision_tree",
  "best_val_f1_macro": 0.8798557074865907,
  "class_weight": "balanced",
  "results": [
    {
      "task": "is_clone",
      "model_name": "logistic_regression",
      "split": "val",
      "metrics": {
        "accuracy": 0.8711918760021379,
        "precision_macro": 0.853776513863705,
        "recall_macro": 0.8818330657696913,
        "f1_macro": 0.8625948731981825,
        "precision_weighted": 0.8850201934016099,
        "recall_weighted": 0.8711918760021379,
        "f1_weighted": 0.873635041328903,
        "confusion_matrix": [
          [
            581,
            54
          ],
          [
            187,
            1049
          ]
        ],
        "classification_report_dict": {
          "0": {
            "precision": 0.7565104166666666,
            "recall": 0.9149606299212598,
            "f1-score": 0.8282252316464719,
            "support": 635.0
          },
          "1": {
            "precision": 0.9510426110607434,
            "recall": 0.848705501618123,
            "f1-score": 0.8969645147498931,
            "support": 1236.0
          },
          "accuracy": 0.8711918760021379,
          "macro avg": {
            "precision": 0.853776513863705,
            "recall": 0.8818330657696913,
            "f1-score": 0.8625948731981825,
            "support": 1871.0
          },
          "weighted avg": {
            "precision": 0.8850201934016099,
            "recall": 0.8711918760021379,
            "f1-score": 0.873635041328903,
            "support": 1871.0
          }
        },
        "classification_report_text": "              precision    recall  f1-score   support\n\n           0       0.76      0.91      0.83       635\n           1       0.95      0.85      0.90      1236\n\n    accuracy                           0.87      1871\n   macro avg       0.85      0.88      0.86      1871\nweighted avg       0.89      0.87      0.87      1871\n"
      }
    },
    {
      "task": "is_clone",
      "model_name": "logistic_regression",
      "split": "test",
      "metrics": {
        "accuracy": 0.8708983324367939,
        "precision_macro": 0.8529294515728527,
        "recall_macro": 0.879911331704732,
        "f1_macro": 0.86179945681264,
        "precision_weighted": 0.8835223620522542,
        "recall_weighted": 0.8708983324367939,
        "f1_weighted": 0.873263658594855,
        "confusion_matrix": [
          [
            571,
            58
          ],
          [
            182,
            1048
          ]
        ],
        "classification_report_dict": {
          "0": {
            "precision": 0.7583001328021248,
            "recall": 0.9077901430842608,
            "f1-score": 0.8263386396526773,
            "support": 629.0
          },
          "1": {
            "precision": 0.9475587703435805,
            "recall": 0.8520325203252033,
            "f1-score": 0.8972602739726028,
            "support": 1230.0
          },
          "accuracy": 0.8708983324367939,
          "macro avg": {
            "precision": 0.8529294515728527,
            "recall": 0.879911331704732,
            "f1-score": 0.86179945681264,
            "support": 1859.0
          },
          "weighted avg": {
            "precision": 0.8835223620522542,
            "recall": 0.8708983324367939,
            "f1-score": 0.873263658594855,
            "support": 1859.0
          }
        },
        "classification_report_text": "              precision    recall  f1-score   support\n\n           0       0.76      0.91      0.83       629\n           1       0.95      0.85      0.90      1230\n\n    accuracy                           0.87      1859\n   macro avg       0.85      0.88      0.86      1859\nweighted avg       0.88      0.87      0.87      1859\n"
      }
    },
    {
      "task": "is_clone",
      "model_name": "decision_tree",
      "split": "val",
      "metrics": {
        "accuracy": 0.8909673971138429,
        "precision_macro": 0.8758299421717712,
        "recall_macro": 0.8845488367352139,
        "f1_macro": 0.8798557074865907,
        "precision_weighted": 0.892771488578075,
        "recall_weighted": 0.8909673971138429,
        "f1_weighted": 0.891592307602546,
        "confusion_matrix": [
          [
            549,
            86
          ],
          [
            118,
            1118
          ]
        ],
        "classification_report_dict": {
          "0": {
            "precision": 0.823088455772114,
            "recall": 0.8645669291338582,
            "f1-score": 0.8433179723502304,
            "support": 635.0
          },
          "1": {
            "precision": 0.9285714285714286,
            "recall": 0.9045307443365695,
            "f1-score": 0.9163934426229509,
            "support": 1236.0
          },
          "accuracy": 0.8909673971138429,
          "macro avg": {
            "precision": 0.8758299421717712,
            "recall": 0.8845488367352139,
            "f1-score": 0.8798557074865907,
            "support": 1871.0
          },
          "weighted avg": {
            "precision": 0.892771488578075,
            "recall": 0.8909673971138429,
            "f1-score": 0.891592307602546,
            "support": 1871.0
          }
        },
        "classification_report_text": "              precision    recall  f1-score   support\n\n           0       0.82      0.86      0.84       635\n           1       0.93      0.90      0.92      1236\n\n    accuracy                           0.89      1871\n   macro avg       0.88      0.88      0.88      1871\nweighted avg       0.89      0.89      0.89      1871\n"
      }
    },
    {
      "task": "is_clone",
      "model_name": "decision_tree",
      "split": "test",
      "metrics": {
        "accuracy": 0.898870360408822,
        "precision_macro": 0.8834645906051031,
        "recall_macro": 0.8956118241627566,
        "f1_macro": 0.8888960946480707,
        "precision_weighted": 0.9015130655603371,
        "recall_weighted": 0.898870360408822,
        "f1_weighted": 0.8996582736825618,
        "confusion_matrix": [
          [
            557,
            72
          ],
          [
            116,
            1114
          ]
        ],
        "classification_report_dict": {
          "0": {
            "precision": 0.8276374442793462,
            "recall": 0.8855325914149443,
            "f1-score": 0.8556067588325653,
            "support": 629.0
          },
          "1": {
            "precision": 0.93929173693086,
            "recall": 0.9056910569105691,
            "f1-score": 0.9221854304635762,
            "support": 1230.0
          },
          "accuracy": 0.898870360408822,
          "macro avg": {
            "precision": 0.8834645906051031,
            "recall": 0.8956118241627566,
            "f1-score": 0.8888960946480707,
            "support": 1859.0
          },
          "weighted avg": {
            "precision": 0.9015130655603371,
            "recall": 0.898870360408822,
            "f1-score": 0.8996582736825618,
            "support": 1859.0
          }
        },
        "classification_report_text": "              precision    recall  f1-score   support\n\n           0       0.83      0.89      0.86       629\n           1       0.94      0.91      0.92      1230\n\n    accuracy                           0.90      1859\n   macro avg       0.88      0.90      0.89      1859\nweighted avg       0.90      0.90      0.90      1859\n"
      }
    }
  ],
  "class_imbalance_ratio_train": 1.9504550050556118,
  "class_distribution_train": {
    "1": 5787,
    "0": 2967
  }
}