task,model,split,accuracy,precision_macro,recall_macro,f1_macro,precision_weighted,recall_weighted,f1_weighted
is_clone,decision_tree,val,0.892036344200962,0.8765074941161898,0.88727225237622,0.8813711580956207,0.8944208125441132,0.892036344200962,0.8927967852779918
is_clone,decision_tree,test,0.8977945131791286,0.8829267492950358,0.8924683650652087,0.8873114785897871,0.8996913385902323,0.8977945131791286,0.8984231254825459
