task,model,split,accuracy,precision_macro,recall_macro,f1_macro,precision_weighted,recall_weighted,f1_weighted
clone_type,decision_tree,val,0.7779591836734694,0.7473338802296965,0.779771110423755,0.7555363819384526,0.8044459325978135,0.7779591836734694,0.7847283313670593
clone_type,decision_tree,test,0.7661290322580645,0.7358823130635211,0.768169556840077,0.7432712215320911,0.7951658826848261,0.7661290322580645,0.7735423762772992
