task,model,split,accuracy,precision_macro,recall_macro,f1_macro,precision_weighted,recall_weighted,f1_weighted
is_clone,logistic_regression,val,0.8711918760021379,0.853776513863705,0.8818330657696913,0.8625948731981825,0.8850201934016099,0.8711918760021379,0.873635041328903
is_clone,logistic_regression,test,0.8708983324367939,0.8529294515728527,0.879911331704732,0.86179945681264,0.8835223620522542,0.8708983324367939,0.873263658594855
is_clone,decision_tree,val,0.8909673971138429,0.8758299421717712,0.8845488367352139,0.8798557074865907,0.892771488578075,0.8909673971138429,0.891592307602546
is_clone,decision_tree,test,0.898870360408822,0.8834645906051031,0.8956118241627566,0.8888960946480707,0.9015130655603371,0.898870360408822,0.8996582736825618
